,Name,Age,Photo,Nationality,Flag,Overall,Potential,Club,Club Logo,Value,Wage,Special,Acceleration,Aggression,Agility,Balance,Ball_Control,Composure,Crossing,Curve,Dribbling,Finishing,Free kick accuracy,GK_diving,GK_handling,GK_kicking,GK_positioning,GK_reflexes,Heading,Interceptions,Jumping,Longpassing,Long_Shots,Marking,Penalties,Positioning,Reactions,Shortpassing,Shotpower,Sliding_Tackle,Speed,Stamina,Standing_Tackle,Strength,Vision,Volleys,CAM,CB,CDM,CF,CM,ID,LAM,LB,LCB,LCM,LDM,LF,LM,LS,LW,LWB,Club_Position,,,,,,,,,,,
0,Cristiano Ronaldo,32,https://cdn.sofifa.org/48/18/players/20801.png,Portugal,https://cdn.sofifa.org/flags/38.png,94,94,Real Madrid CF,https://cdn.sofifa.org/24/18/teams/243.png,€95.5M,€565K,2228,89,63,89,63,93,95,85,81,91,94,76,7,11,15,14,11,88,29,95,77,92,22,85,95,96,83,94,23,91,92,31,80,85,88,89,53,62,91,82,20801,89,61,53,82,62,91,89,92,91,66,ST LW,,,,,,,,,,,
1,L. Messi,30,https://cdn.sofifa.org/48/18/players/158023.png,Argentina,https://cdn.sofifa.org/flags/52.png,93,93,FC Barcelona,https://cdn.sofifa.org/24/18/teams/241.png,€105M,€565K,2154,92,48,90,95,95,96,77,89,97,95,90,6,11,15,14,8,71,22,68,87,88,13,74,93,95,88,85,26,87,73,28,59,90,85,92,45,59,92,84,158023,92,57,45,84,59,92,90,88,91,62,RW,,,,,,,,,,,
2,Neymar,25,https://cdn.sofifa.org/48/18/players/190871.png,Brazil,https://cdn.sofifa.org/flags/54.png,92,94,Paris Saint-Germain,https://cdn.sofifa.org/24/18/teams/73.png,€123M,€280K,2100,94,56,96,82,95,92,75,81,96,89,84,9,9,15,15,11,62,36,61,75,77,21,81,90,88,81,80,33,90,78,24,53,80,83,88,46,59,88,79,190871,88,59,46,79,59,88,87,84,89,64,LW,,,,,,,,,,,
3,L. Suárez,30,https://cdn.sofifa.org/48/18/players/176580.png,Uruguay,https://cdn.sofifa.org/flags/60.png,92,92,FC Barcelona,https://cdn.sofifa.org/24/18/teams/241.png,€97M,€510K,2291,88,78,86,60,91,83,77,86,86,94,84,27,25,31,33,37,77,41,69,64,86,30,85,92,93,83,87,38,77,89,45,80,84,88,87,58,65,88,80,176580,87,64,58,80,65,88,85,88,87,68,ST,,,,,,,,,,,
4,M. Neuer,31,https://cdn.sofifa.org/48/18/players/167495.png,Germany,https://cdn.sofifa.org/flags/21.png,92,92,FC Bayern Munich,https://cdn.sofifa.org/24/18/teams/21.png,€61M,€230K,1493,58,29,52,35,48,70,15,14,30,13,11,91,90,95,91,89,25,30,78,59,16,10,47,12,85,55,25,11,61,44,10,83,70,11,,,,,,167495,,,,,,,,,,,GK,,,,,,,,,,,
5,R. Lewandowski,28,https://cdn.sofifa.org/48/18/players/188545.png,Poland,https://cdn.sofifa.org/flags/37.png,91,91,FC Bayern Munich,https://cdn.sofifa.org/24/18/teams/21.png,€92M,€355K,2143,79,80,78,80,89,87,62,77,85,91,84,15,6,12,8,10,85,39,84,65,83,25,81,91,91,83,88,19,83,79,42,84,78,87,84,57,62,87,78,188545,84,58,57,78,62,87,82,88,84,61,ST,,,,,,,,,,,
6,De Gea,26,https://cdn.sofifa.org/48/18/players/193080.png,Spain,https://cdn.sofifa.org/flags/45.png,90,92,Manchester United,https://cdn.sofifa.org/24/18/teams/11.png,€64.5M,€215K,1458,57,38,60,43,42,64,17,21,18,13,19,90,85,87,86,90,21,30,67,51,12,13,40,12,88,50,31,13,58,40,21,64,68,13,,,,,,193080,,,,,,,,,,,GK,,,,,,,,,,,
7,E. Hazard,26,https://cdn.sofifa.org/48/18/players/183277.png,Belgium,https://cdn.sofifa.org/flags/7.png,90,91,Chelsea,https://cdn.sofifa.org/24/18/teams/5.png,€90.5M,€295K,2096,93,54,93,91,92,87,80,82,93,83,79,11,12,6,8,8,57,41,59,81,82,25,86,85,85,86,79,22,87,79,27,65,86,79,88,47,61,87,81,183277,88,59,47,81,61,87,87,82,88,64,LW,,,,,,,,,,,
8,T. Kroos,27,https://cdn.sofifa.org/48/18/players/182521.png,Germany,https://cdn.sofifa.org/flags/21.png,90,90,Real Madrid CF,https://cdn.sofifa.org/24/18/teams/243.png,€79M,€340K,2165,60,60,71,69,89,85,85,85,79,76,84,10,11,13,7,10,54,85,32,93,90,63,73,79,86,90,87,69,52,77,82,74,88,82,83,72,82,81,87,182521,83,76,72,87,82,81,81,77,80,78,CDM CM,,,,,,,,,,,
9,G. Higuaín,29,https://cdn.sofifa.org/48/18/players/167664.png,Argentina,https://cdn.sofifa.org/flags/52.png,90,90,Juventus,https://cdn.sofifa.org/24/18/teams/45.png,€77M,€275K,1961,78,50,75,69,85,86,68,74,84,91,62,5,12,7,5,10,86,20,79,59,82,12,70,92,88,75,88,18,80,72,22,85,70,88,81,46,52,84,71,167664,81,51,46,71,52,84,79,87,82,55,ST,,,,,,,,,,,
10,Sergio Ramos,31,https://cdn.sofifa.org/48/18/players/155862.png,Spain,https://cdn.sofifa.org/flags/45.png,90,90,Real Madrid CF,https://cdn.sofifa.org/24/18/teams/243.png,€52M,€310K,2153,75,84,79,60,84,80,66,73,61,60,67,11,8,9,7,11,91,88,93,72,55,86,68,52,85,78,79,91,77,84,89,81,63,66,70,87,83,70,74,155862,70,84,87,74,83,70,71,72,69,81,CB,,,,,,,,,,,
11,K. De Bruyne,26,https://cdn.sofifa.org/48/18/players/192985.png,Belgium,https://cdn.sofifa.org/flags/7.png,89,92,Manchester City,https://cdn.sofifa.org/24/18/teams/10.png,€83M,€285K,2162,76,68,80,75,87,84,90,83,85,83,83,15,13,5,10,13,53,56,65,84,86,30,77,84,88,90,85,40,75,87,51,73,90,82,86,57,70,85,84,192985,86,66,57,84,70,85,85,81,85,71,RM CM CAM,,,,,,,,,,,
12,T. Courtois,25,https://cdn.sofifa.org/48/18/players/192119.png,Belgium,https://cdn.sofifa.org/flags/7.png,89,92,Chelsea,https://cdn.sofifa.org/24/18/teams/5.png,€59M,€190K,1282,46,23,61,45,23,52,14,19,13,14,11,85,91,69,86,88,13,15,68,31,17,11,27,13,81,32,36,16,52,38,18,70,44,12,,,,,,192119,,,,,,,,,,,GK,,,,,,,,,,,
13,A. Sánchez,28,https://cdn.sofifa.org/48/18/players/184941.png,Chile,https://cdn.sofifa.org/flags/55.png,89,89,Arsenal,https://cdn.sofifa.org/24/18/teams/1.png,€67.5M,€265K,2181,88,80,90,87,87,86,80,78,90,85,78,10,10,15,12,13,70,42,85,73,82,30,77,86,87,81,84,35,84,85,39,72,83,83,85,56,64,85,79,184941,85,62,56,79,64,85,85,83,86,66,RM LW ST LM,,,,,,,,,,,
14,L. Modrić,31,https://cdn.sofifa.org/48/18/players/177003.png,Croatia,https://cdn.sofifa.org/flags/10.png,89,89,Real Madrid CF,https://cdn.sofifa.org/24/18/teams/243.png,€57M,€340K,2228,75,62,93,94,92,84,78,79,86,71,77,13,9,7,14,9,55,76,67,83,82,66,80,79,88,92,73,73,71,82,80,58,90,74,86,72,80,83,86,177003,86,78,72,86,80,83,84,76,83,80,CDM CM,,,,,,,,,,,
15,G. Bale,27,https://cdn.sofifa.org/48/18/players/173731.png,Wales,https://cdn.sofifa.org/flags/50.png,89,89,Real Madrid CF,https://cdn.sofifa.org/24/18/teams/243.png,€69.5M,€370K,2263,93,65,77,65,87,85,87,86,89,87,85,15,15,11,5,6,86,59,85,80,90,51,76,86,87,86,91,52,95,76,55,80,79,76,86,67,71,87,81,173731,86,72,67,81,71,87,87,87,87,74,RW,,,,,,,,,,,
16,S. Agüero,29,https://cdn.sofifa.org/48/18/players/153079.png,Argentina,https://cdn.sofifa.org/flags/52.png,89,89,Manchester City,https://cdn.sofifa.org/24/18/teams/10.png,€66.5M,€325K,2074,90,63,86,91,89,90,70,82,89,90,72,13,15,6,11,14,68,24,80,63,83,13,83,91,89,79,88,12,84,74,20,74,83,85,85,44,54,87,75,153079,85,52,44,75,54,87,84,86,86,57,ST,,,,,,,,,,,
17,G. Chiellini,32,https://cdn.sofifa.org/48/18/players/138956.png,Italy,https://cdn.sofifa.org/flags/27.png,89,89,Juventus,https://cdn.sofifa.org/24/18/teams/45.png,€38M,€225K,1867,68,92,59,64,57,82,58,60,58,33,31,3,3,2,4,3,84,88,89,59,49,92,50,28,82,59,78,90,78,68,92,91,50,45,55,86,76,55,60,138956,55,78,86,60,76,55,58,59,56,75,CB,,,,,,,,,,,
18,G. Buffon,39,https://cdn.sofifa.org/48/18/players/1179.png,Italy,https://cdn.sofifa.org/flags/27.png,89,89,Juventus,https://cdn.sofifa.org/24/18/teams/45.png,€4.5M,€110K,1335,49,38,55,49,28,70,13,20,26,15,13,89,88,74,90,84,13,28,75,35,13,10,22,12,80,37,39,11,43,39,11,69,50,17,,,,,,1179,,,,,,,,,,,GK,,,,,,,,,,,
19,P. Dybala,23,https://cdn.sofifa.org/48/18/players/211110.png,Argentina,https://cdn.sofifa.org/flags/52.png,88,93,Juventus,https://cdn.sofifa.org/24/18/teams/45.png,€79M,€215K,2063,88,48,91,85,93,84,80,88,92,85,84,5,4,4,5,8,68,24,75,71,88,14,86,84,84,83,82,20,84,83,20,65,84,88,86,43,55,86,78,211110,86,55,43,78,55,86,86,83,87,60,ST CAM,86,55,43,78,55,86,86,83,87,60,83
20,J. Oblak,24,https://cdn.sofifa.org/48/18/players/200389.png,Slovenia,https://cdn.sofifa.org/flags/44.png,88,93,Atlético Madrid,https://cdn.sofifa.org/24/18/teams/240.png,€57M,€82K,1290,43,34,67,49,16,55,13,13,12,11,14,84,90,77,87,84,15,19,76,26,12,14,11,11,84,29,22,18,60,41,12,78,55,13,,,,,,200389,,,,,,,,,,,GK,,,,,,,,,,,
21,A. Griezmann,26,https://cdn.sofifa.org/48/18/players/194765.png,France,https://cdn.sofifa.org/flags/18.png,88,91,Atlético Madrid,https://cdn.sofifa.org/24/18/teams/240.png,€75M,€150K,2104,87,69,90,80,86,86,82,84,87,88,75,14,8,14,13,14,80,35,87,75,82,23,71,91,90,79,81,11,86,76,22,61,76,87,84,48,57,85,76,194765,84,56,48,76,57,85,84,85,86,60,LW RW ST,84,56,48,76,57,85,84,85,86,60,85
22,Thiago,26,https://cdn.sofifa.org/48/18/players/189509.png,Spain,https://cdn.sofifa.org/flags/45.png,88,90,FC Bayern Munich,https://cdn.sofifa.org/24/18/teams/21.png,€70.5M,€225K,2185,77,57,90,86,92,83,72,85,90,69,77,6,11,7,9,13,58,78,75,90,82,49,75,83,84,91,75,62,68,75,64,59,86,90,86,66,76,83,85,189509,86,72,66,85,76,83,83,77,83,75,CDM CAM CM,86,72,66,85,76,83,83,77,83,75,77
23,P. Aubameyang,28,https://cdn.sofifa.org/48/18/players/188567.png,Gabon,https://cdn.sofifa.org/flags/115.png,88,88,Borussia Dortmund,https://cdn.sofifa.org/24/18/teams/22.png,€61M,€165K,2078,95,43,77,70,82,84,77,78,82,88,74,6,9,15,9,9,79,48,77,64,79,28,79,89,87,77,81,36,96,79,25,77,77,86,82,52,59,84,74,188567,82,62,52,74,59,84,83,85,84,65,ST,82,62,52,74,59,84,83,85,84,65,85
24,L. Bonucci,30,https://cdn.sofifa.org/48/18/players/184344.png,Italy,https://cdn.sofifa.org/flags/27.png,88,88,Milan,https://cdn.sofifa.org/24/18/teams/47.png,€44M,€210K,1995,62,82,60,52,75,84,44,56,69,39,61,2,2,3,2,4,88,90,85,85,65,84,70,38,86,79,74,88,72,73,88,85,74,58,68,86,83,66,75,184344,68,79,86,75,83,66,66,65,63,76,CB,68,79,86,75,83,66,66,65,63,76,65
25,J. Boateng,28,https://cdn.sofifa.org/48/18/players/183907.png,Germany,https://cdn.sofifa.org/flags/21.png,88,88,FC Bayern Munich,https://cdn.sofifa.org/24/18/teams/21.png,€48M,€215K,1989,72,82,58,53,71,86,69,56,67,34,31,7,12,15,6,5,85,83,75,80,58,88,46,47,82,75,79,90,78,74,91,91,76,53,67,85,82,66,73,183907,67,81,85,73,82,66,69,65,65,79,CB,67,81,85,73,82,66,69,65,65,79,65
26,D. Godín,31,https://cdn.sofifa.org/48/18/players/182493.png,Uruguay,https://cdn.sofifa.org/flags/60.png,88,88,Atlético Madrid,https://cdn.sofifa.org/24/18/teams/240.png,€40M,€125K,1930,62,86,63,58,76,82,55,49,53,42,51,6,8,15,5,15,92,88,89,70,43,87,50,48,85,79,67,89,67,67,86,80,52,47,63,86,80,62,69,182493,63,79,86,69,80,62,63,64,61,76,CB,63,79,86,69,80,62,63,64,61,76,64
27,M. Hummels,28,https://cdn.sofifa.org/48/18/players/178603.png,Germany,https://cdn.sofifa.org/flags/21.png,88,88,FC Bayern Munich,https://cdn.sofifa.org/24/18/teams/21.png,€48M,€215K,2038,62,66,64,58,77,91,64,65,68,55,53,15,6,10,5,6,89,89,68,85,51,85,68,56,85,80,71,90,65,66,92,85,79,60,71,85,83,69,77,178603,71,80,85,77,83,69,70,69,68,78,CB,71,80,85,77,83,69,70,69,68,78,69
28,M. Özil,28,https://cdn.sofifa.org/48/18/players/176635.png,Germany,https://cdn.sofifa.org/flags/21.png,88,88,Arsenal,https://cdn.sofifa.org/24/18/teams/1.png,€60M,€265K,1927,75,48,83,70,90,78,82,84,86,74,79,6,14,10,6,14,54,24,52,84,76,22,67,83,87,89,70,19,68,69,16,57,92,77,85,41,57,82,79,176635,85,52,41,79,57,82,83,76,83,58,RW CAM,85,52,41,79,57,82,83,76,83,58,76
29,H. Lloris,30,https://cdn.sofifa.org/48/18/players/167948.png,France,https://cdn.sofifa.org/flags/18.png,88,88,Tottenham Hotspur,https://cdn.sofifa.org/24/18/teams/18.png,€38M,€165K,1318,65,31,55,54,34,61,13,11,10,10,10,88,86,68,82,90,10,27,74,50,14,12,40,10,85,50,23,18,63,41,10,43,30,11,,,,,,167948,,,,,,,,,,,GK,,,,,,,,,,,
30,Thiago Silva,32,https://cdn.sofifa.org/48/18/players/164240.png,Brazil,https://cdn.sofifa.org/flags/54.png,88,88,Paris Saint-Germain,https://cdn.sofifa.org/24/18/teams/73.png,€34M,€175K,2124,70,77,74,68,80,83,60,61,68,38,67,9,12,5,9,10,82,89,93,81,71,90,71,59,84,79,74,88,74,74,89,81,74,63,72,85,83,69,77,164240,72,81,85,77,83,69,70,67,68,79,CB,72,81,85,77,83,69,70,67,68,79,67
31,Z. Ibrahimović,35,https://cdn.sofifa.org/48/18/players/41236.png,Sweden,https://cdn.sofifa.org/flags/46.png,88,88,Manchester United,https://cdn.sofifa.org/24/18/teams/11.png,€27M,€240K,2075,63,84,81,41,88,91,76,82,82,87,82,13,15,10,9,12,80,20,69,76,85,15,91,86,86,84,91,27,67,71,41,88,83,90,83,52,60,83,78,41236,83,54,52,78,60,83,80,84,82,58,ST,83,54,52,78,60,83,80,84,82,58,84
32,A. Robben,33,https://cdn.sofifa.org/48/18/players/9014.png,Netherlands,https://cdn.sofifa.org/flags/34.png,88,88,FC Bayern Munich,https://cdn.sofifa.org/24/18/teams/21.png,€36M,€225K,2081,87,47,89,91,89,86,80,87,92,85,81,10,8,11,5,15,51,39,61,71,88,29,80,85,87,84,87,26,86,68,26,67,83,86,86,47,59,86,78,9014,86,58,47,78,59,86,85,82,87,63,RW RM,86,58,47,78,59,86,85,82,87,63,82
33,N. Kanté,26,https://cdn.sofifa.org/48/18/players/215914.png,France,https://cdn.sofifa.org/flags/18.png,87,90,Chelsea,https://cdn.sofifa.org/24/18/teams/5.png,€52.5M,€190K,2154,82,90,83,90,79,84,67,49,77,65,49,15,12,10,7,10,54,91,79,79,66,75,54,71,87,84,72,85,80,94,89,77,76,56,78,81,84,76,81,215914,78,82,81,81,84,76,78,72,76,83,CM CDM,78,82,81,81,84,76,78,72,76,83,72
34,M. Verratti,24,https://cdn.sofifa.org/48/18/players/199556.png,Italy,https://cdn.sofifa.org/flags/27.png,87,91,Paris Saint-Germain,https://cdn.sofifa.org/24/18/teams/73.png,€64.5M,€130K,2154,69,89,87,94,88,91,72,73,90,58,64,12,12,15,15,10,55,86,64,89,58,76,64,71,87,90,56,79,62,77,84,56,88,64,82,77,84,77,85,199556,82,79,77,85,84,77,80,69,78,80,CDM CM,82,79,77,85,84,77,80,69,78,80,69
35,P. Pogba,24,https://cdn.sofifa.org/48/18/players/195864.png,France,https://cdn.sofifa.org/flags/18.png,87,92,Manchester United,https://cdn.sofifa.org/24/18/teams/11.png,€66.5M,€195K,2238,72,75,76,61,89,85,78,84,86,71,82,5,6,2,4,3,73,68,85,88,82,66,76,83,84,86,90,66,76,91,68,91,86,85,84,74,79,83,84,195864,84,75,74,84,79,83,83,81,82,77,CDM CM,84,75,74,84,79,83,83,81,82,77,81
36,C. Eriksen,25,https://cdn.sofifa.org/48/18/players/190460.png,Denmark,https://cdn.sofifa.org/flags/13.png,87,91,Tottenham Hotspur,https://cdn.sofifa.org/24/18/teams/18.png,€65M,€165K,2064,77,44,78,82,87,87,86,85,84,76,87,9,14,7,7,6,52,55,57,86,84,38,67,81,83,89,80,22,74,90,56,57,90,74,85,53,68,82,83,190460,85,64,53,83,68,82,84,77,83,69,LM RM CAM,85,64,53,83,68,82,84,77,83,69,77
37,A. Vidal,30,https://cdn.sofifa.org/48/18/players/181872.png,Chile,https://cdn.sofifa.org/flags/55.png,87,87,FC Bayern Munich,https://cdn.sofifa.org/24/18/teams/21.png,€37.5M,€160K,2278,76,93,75,77,83,86,76,76,76,77,68,4,2,4,2,4,81,85,82,82,85,76,81,80,89,84,86,85,74,91,89,77,80,78,81,84,85,81,83,181872,81,83,84,83,85,81,80,81,80,83,CM CDM,81,83,84,83,85,81,80,81,80,83,81
38,E. Cavani,30,https://cdn.sofifa.org/48/18/players/179813.png,Uruguay,https://cdn.sofifa.org/flags/60.png,87,87,Paris Saint-Germain,https://cdn.sofifa.org/24/18/teams/73.png,€48.5M,€160K,2097,75,84,81,59,80,83,70,75,80,83,74,12,5,13,13,10,88,48,88,50,78,24,84,92,91,78,85,27,78,92,45,74,77,84,80,58,62,82,74,179813,80,61,58,74,62,82,79,84,80,64,ST,80,61,58,74,62,82,79,84,80,64,84
39,Marcelo,29,https://cdn.sofifa.org/48/18/players/176676.png,Brazil,https://cdn.sofifa.org/flags/54.png,87,87,Real Madrid CF,https://cdn.sofifa.org/24/18/teams/243.png,€38M,€250K,2209,77,84,77,82,88,85,90,80,84,67,67,12,5,5,5,9,71,83,77,76,66,80,59,75,87,82,83,87,79,81,85,77,75,54,79,82,82,79,80,176676,79,84,82,80,82,79,81,77,80,84,LB,79,84,82,80,82,79,81,77,80,84,77
40,M. Hamšík,29,https://cdn.sofifa.org/48/18/players/171877.png,Slovakia,https://cdn.sofifa.org/flags/43.png,87,87,Napoli,https://cdn.sofifa.org/24/18/teams/48.png,€48.5M,€130K,2184,72,56,76,66,87,84,78,80,86,78,72,8,6,4,14,14,74,72,71,82,83,60,70,88,88,88,82,62,75,85,73,69,86,79,85,71,77,84,85,171877,85,75,71,85,77,84,83,81,83,77,CM,85,75,71,85,77,84,83,81,83,77,81
41,I. Rakitić,29,https://cdn.sofifa.org/48/18/players/168651.png,Croatia,https://cdn.sofifa.org/flags/10.png,87,87,FC Barcelona,https://cdn.sofifa.org/24/18/teams/241.png,€48.5M,€275K,2129,67,67,72,66,87,81,81,88,84,83,84,14,11,12,5,9,58,69,44,92,88,52,78,80,79,87,84,53,64,76,65,63,87,80,83,64,74,82,84,168651,83,69,64,84,74,82,82,78,81,72,CM,83,69,64,84,74,82,82,78,81,72,78
42,David Silva,31,https://cdn.sofifa.org/48/18/players/168542.png,Spain,https://cdn.sofifa.org/flags/45.png,87,87,Manchester City,https://cdn.sofifa.org/24/18/teams/10.png,€44M,€220K,1977,72,51,92,89,90,92,83,82,84,71,75,1,1,1,1,1,54,43,66,79,73,25,73,81,84,91,71,29,65,78,44,56,92,79,84,50,64,81,81,168542,84,59,50,81,64,81,82,75,82,65,LM CM CAM,84,59,50,81,64,81,82,75,82,65,75
43,S. Handanovič,32,https://cdn.sofifa.org/48/18/players/162835.png,Slovenia,https://cdn.sofifa.org/flags/44.png,87,87,Inter,https://cdn.sofifa.org/24/18/teams/44.png,€29M,€91K,1264,54,25,42,36,24,62,12,12,18,10,14,87,86,69,87,87,10,22,78,34,19,17,23,12,83,36,22,13,57,41,10,71,41,12,,,,,,162835,,,,,,,,,,,GK,,,,,,,,,,,
44,Piqué,30,https://cdn.sofifa.org/48/18/players/152729.png,Spain,https://cdn.sofifa.org/flags/45.png,87,87,FC Barcelona,https://cdn.sofifa.org/24/18/teams/241.png,€37.5M,€240K,1974,55,72,58,42,78,86,57,58,59,64,43,10,11,14,15,8,83,88,74,80,51,86,69,58,84,81,62,86,73,66,87,83,62,57,68,84,81,68,74,152729,68,78,84,74,81,68,68,69,66,76,CB,68,78,84,74,81,68,68,69,66,76,69
45,Iniesta,33,https://cdn.sofifa.org/48/18/players/41.png,Spain,https://cdn.sofifa.org/flags/45.png,87,87,FC Barcelona,https://cdn.sofifa.org/24/18/teams/241.png,€29.5M,€260K,2073,72,58,79,84,94,89,77,80,90,70,70,6,13,6,13,7,54,66,52,86,71,57,71,84,88,92,65,56,71,58,57,58,94,74,87,63,74,83,84,41,87,69,63,84,74,83,84,76,84,72,LM CM,87,69,63,84,74,83,84,76,84,72,76
46,H. Kane,23,https://cdn.sofifa.org/48/18/players/202126.png,England,https://cdn.sofifa.org/flags/14.png,86,90,Tottenham Hotspur,https://cdn.sofifa.org/24/18/teams/18.png,€59M,€165K,2057,68,74,73,62,82,84,70,71,78,90,66,8,10,11,14,11,83,35,70,67,84,41,84,89,87,75,87,38,74,85,36,86,75,73,79,57,62,82,74,202126,79,60,57,74,62,82,78,84,79,62,ST,79,60,57,74,62,82,78,84,79,62,84
47,J. Rodríguez,25,https://cdn.sofifa.org/48/18/players/198710.png,Colombia,https://cdn.sofifa.org/flags/56.png,86,89,FC Bayern Munich,https://cdn.sofifa.org/24/18/teams/21.png,€56M,€250K,2118,77,65,82,75,85,87,88,87,83,82,86,15,15,15,5,14,62,55,54,80,91,25,81,80,84,84,86,30,75,68,42,70,86,91,83,53,64,83,79,198710,83,61,53,79,64,83,82,80,83,65,RM CM CAM,83,61,53,79,64,83,82,80,83,65,80
48,Isco,25,https://cdn.sofifa.org/48/18/players/197781.png,Spain,https://cdn.sofifa.org/flags/45.png,86,90,Real Madrid CF,https://cdn.sofifa.org/24/18/teams/243.png,€56.5M,€250K,2105,74,58,83,85,91,86,72,86,90,88,74,10,8,12,15,6,55,70,64,85,87,25,76,83,79,86,72,51,69,71,73,59,84,64,85,61,71,84,84,197781,85,67,61,84,71,84,82,79,83,70,LM RM CAM CM,85,67,61,84,71,84,82,79,83,70,79
49,D. Alaba,25,https://cdn.sofifa.org/48/18/players/197445.png,Austria,https://cdn.sofifa.org/flags/4.png,86,88,FC Bayern Munich,https://cdn.sofifa.org/24/18/teams/21.png,€44.5M,€150K,2278,86,69,79,77,83,79,82,78,79,63,85,5,7,14,15,9,75,85,82,80,83,81,80,77,84,83,83,83,86,87,83,69,78,68,80,80,82,79,81,197445,80,83,80,81,82,79,81,77,80,84,CM CB LB,80,83,80,81,82,79,81,77,80,84,77
50,R. Lukaku,24,https://cdn.sofifa.org/48/18/players/192505.png,Belgium,https://cdn.sofifa.org/flags/7.png,86,90,Manchester United,https://cdn.sofifa.org/24/18/teams/11.png,€59M,€210K,1997,76,72,62,47,75,84,68,72,77,89,66,8,15,14,7,10,87,27,71,68,75,27,82,87,85,71,88,30,89,80,30,93,73,76,77,53,57,80,71,192505,77,56,53,71,57,80,77,84,78,58,ST,77,56,53,71,57,80,77,84,78,58,84
51,Alex Sandro,26,https://cdn.sofifa.org/48/18/players/191043.png,Brazil,https://cdn.sofifa.org/flags/54.png,86,88,Juventus,https://cdn.sofifa.org/24/18/teams/45.png,€44M,€175K,2207,84,82,79,79,81,82,86,78,82,55,59,7,7,9,12,5,76,82,79,71,72,78,60,70,86,81,80,84,88,93,84,80,70,68,77,81,81,76,78,191043,77,84,81,78,81,76,80,75,78,84,LM LB,77,84,81,78,81,76,80,75,78,84,75
52,T. Müller,27,https://cdn.sofifa.org/48/18/players/189596.png,Germany,https://cdn.sofifa.org/flags/21.png,86,86,FC Bayern Munich,https://cdn.sofifa.org/24/18/teams/21.png,€47.5M,€190K,2078,76,57,76,72,82,83,77,81,75,87,59,6,7,11,14,14,82,58,81,68,77,31,60,93,92,81,77,44,78,90,41,67,81,83,81,58,65,83,78,189596,81,66,58,78,65,83,81,83,81,68,ST CAM RW CF,81,66,58,78,65,83,81,83,81,68,83
53,Sergio Busquets,28,https://cdn.sofifa.org/48/18/players/189511.png,Spain,https://cdn.sofifa.org/flags/45.png,86,86,FC Barcelona,https://cdn.sofifa.org/24/18/teams/241.png,€36M,€250K,1998,48,85,58,55,80,88,62,66,74,60,68,5,8,13,9,13,68,86,66,79,54,81,60,77,82,88,61,80,34,88,85,77,84,44,75,80,83,72,81,189511,75,76,80,81,83,72,73,68,70,77,CM CDM,75,76,80,81,83,72,73,68,70,77,68
54,Coutinho,25,https://cdn.sofifa.org/48/18/players/189242.png,Brazil,https://cdn.sofifa.org/flags/54.png,86,89,Liverpool,https://cdn.sofifa.org/24/18/teams/9.png,€56M,€205K,2049,88,55,92,92,88,85,77,84,88,74,82,12,7,9,14,6,47,30,59,78,86,24,64,83,81,85,80,40,77,80,44,61,87,75,85,49,61,83,79,189242,85,60,49,79,61,83,83,77,84,64,CAM LW,85,60,49,79,61,83,83,77,84,64,77
55,M. Reus,28,https://cdn.sofifa.org/48/18/players/188350.png,Germany,https://cdn.sofifa.org/flags/21.png,86,86,Borussia Dortmund,https://cdn.sofifa.org/24/18/teams/22.png,€45M,€120K,2157,86,49,86,81,85,83,80,90,86,86,84,12,12,13,13,11,49,50,72,80,88,30,87,86,87,86,87,46,90,68,36,67,86,88,86,52,64,86,80,188350,86,63,52,80,64,86,84,82,86,67,LW ST LM,86,63,52,80,64,86,84,82,86,67,82
56,T. Alderweireld,28,https://cdn.sofifa.org/48/18/players/184087.png,Belgium,https://cdn.sofifa.org/flags/7.png,86,87,Tottenham Hotspur,https://cdn.sofifa.org/24/18/teams/18.png,€40.5M,€165K,2047,62,81,60,50,70,81,64,63,62,45,69,16,6,14,16,14,82,84,81,81,66,89,60,56,86,77,86,85,69,76,90,82,67,38,67,84,81,67,74,184087,67,79,84,74,81,67,67,67,65,77,CB,67,79,84,74,81,67,67,67,65,77,67
57,David Luiz,30,https://cdn.sofifa.org/48/18/players/179944.png,Brazil,https://cdn.sofifa.org/flags/54.png,86,86,Chelsea,https://cdn.sofifa.org/24/18/teams/5.png,€33M,€190K,2123,68,86,72,56,79,78,68,70,66,55,76,11,12,10,7,14,83,87,80,78,71,80,75,54,79,79,77,84,71,76,85,81,69,64,71,83,81,69,75,179944,71,79,83,75,81,69,70,69,69,78,CB,71,79,83,75,81,69,70,69,69,78,69
58,Diego Costa,28,https://cdn.sofifa.org/48/18/players/179844.png,Spain,https://cdn.sofifa.org/flags/45.png,86,86,Chelsea,https://cdn.sofifa.org/24/18/teams/5.png,€46M,€235K,1984,74,93,58,52,83,84,65,62,77,88,59,11,13,12,8,11,83,40,64,52,73,28,76,88,86,67,84,34,75,83,39,91,74,81,76,57,60,80,71,179844,76,58,57,71,60,80,76,83,77,60,ST,76,58,57,71,60,80,76,83,77,60,83
59,R. Nainggolan,29,https://cdn.sofifa.org/48/18/players/178518.png,Belgium,https://cdn.sofifa.org/flags/7.png,86,86,Roma,https://cdn.sofifa.org/24/18/teams/52.png,€42.5M,€130K,2286,80,88,81,84,85,85,73,73,80,76,68,11,11,14,8,11,59,86,76,81,86,78,63,88,87,84,84,88,76,94,86,76,76,75,82,81,84,82,84,178518,82,83,81,84,84,82,82,80,81,84,CAM CM,82,83,81,84,84,82,82,80,81,84,80
60,Javi Martínez,28,https://cdn.sofifa.org/48/18/players/177610.png,Spain,https://cdn.sofifa.org/flags/45.png,86,86,FC Bayern Munich,https://cdn.sofifa.org/24/18/teams/21.png,€36M,€165K,1973,49,91,54,58,71,83,60,54,62,53,45,5,12,9,11,8,90,86,83,74,63,84,52,57,84,75,76,87,50,64,87,84,74,61,67,84,80,66,72,177610,67,76,84,72,80,66,65,67,63,74,CDM CB,67,76,84,72,80,66,65,67,63,74,67
61,D. Mertens,30,https://cdn.sofifa.org/48/18/players/175943.png,Belgium,https://cdn.sofifa.org/flags/7.png,86,86,Napoli,https://cdn.sofifa.org/24/18/teams/48.png,€43M,€135K,2035,93,59,94,92,88,81,77,81,89,85,77,7,10,8,10,4,35,36,60,74,81,30,78,85,85,81,80,40,87,75,40,42,82,70,85,47,60,85,78,175943,85,60,47,78,60,85,84,78,86,65,ST LW CF,85,60,47,78,60,85,84,78,86,65,78
62,Sokratis,29,https://cdn.sofifa.org/48/18/players/172879.png,Greece,https://cdn.sofifa.org/flags/22.png,86,86,Borussia Dortmund,https://cdn.sofifa.org/24/18/teams/22.png,€34.5M,€110K,1885,71,91,62,68,58,82,47,36,58,44,35,6,8,5,12,5,87,80,87,64,48,88,33,50,81,64,79,86,84,74,90,86,52,46,59,84,76,61,63,172879,59,77,84,63,76,61,61,64,59,73,CB,59,77,84,63,76,61,61,64,59,73,64
63,Miranda,32,https://cdn.sofifa.org/48/18/players/168609.png,Brazil,https://cdn.sofifa.org/flags/54.png,86,86,Inter,https://cdn.sofifa.org/24/18/teams/44.png,€25.5M,€115K,1890,67,83,61,57,72,84,48,32,65,43,39,12,6,10,13,12,83,88,82,69,41,89,49,43,82,70,70,86,74,65,90,80,58,51,63,84,79,62,67,168609,63,77,84,67,79,62,63,63,61,75,CB,63,77,84,67,79,62,63,63,61,75,63
64,K. Benzema,29,https://cdn.sofifa.org/48/18/players/165153.png,France,https://cdn.sofifa.org/flags/18.png,86,86,Real Madrid CF,https://cdn.sofifa.org/24/18/teams/243.png,€44.5M,€295K,1950,77,65,77,60,86,82,75,79,82,87,73,13,11,5,5,7,78,22,70,47,77,13,82,87,83,86,83,12,78,73,15,78,85,79,82,44,52,84,72,165153,82,51,44,72,52,84,80,83,83,56,ST,82,51,44,72,52,84,80,83,83,56,83
65,Cesc Fàbregas,30,https://cdn.sofifa.org/48/18/players/162895.png,Spain,https://cdn.sofifa.org/flags/45.png,86,86,Chelsea,https://cdn.sofifa.org/24/18/teams/5.png,€41M,€210K,2118,65,45,65,77,86,92,85,77,80,76,81,6,10,8,15,15,74,50,68,90,75,60,80,78,81,91,77,62,62,80,63,64,91,81,82,64,72,80,83,162895,82,70,64,83,72,80,81,77,80,72,CAM CDM CM,82,70,64,83,72,80,81,77,80,72,77
66,F. Ribéry,34,https://cdn.sofifa.org/48/18/players/156616.png,France,https://cdn.sofifa.org/flags/18.png,86,86,FC Bayern Munich,https://cdn.sofifa.org/24/18/teams/21.png,€22.5M,€175K,1965,85,52,88,91,90,86,81,83,90,76,81,15,6,9,7,10,41,36,34,75,75,13,78,81,86,86,76,26,79,64,25,60,86,80,85,42,57,83,78,156616,85,55,42,78,57,83,83,77,84,61,LW LM,85,55,42,78,57,83,83,77,84,61,77
67,Pepe,34,https://cdn.sofifa.org/48/18/players/120533.png,Portugal,https://cdn.sofifa.org/flags/38.png,86,86,Beşiktaş JK,https://cdn.sofifa.org/24/18/teams/327.png,€13.5M,€94K,1839,65,94,63,49,62,77,46,44,58,46,47,8,15,5,9,10,80,86,76,61,56,86,57,40,83,70,63,87,70,62,86,84,48,23,59,83,76,59,63,120533,59,75,83,63,76,59,59,61,58,72,CB,59,75,83,63,76,59,59,61,58,72,61
68,P. Čech,35,https://cdn.sofifa.org/48/18/players/48940.png,Czech Republic,https://cdn.sofifa.org/flags/12.png,86,86,Arsenal,https://cdn.sofifa.org/24/18/teams/1.png,€10.5M,€92K,1206,40,17,49,34,22,70,19,13,12,12,19,82,87,76,83,81,19,23,51,33,11,11,23,13,84,35,21,12,44,32,13,65,53,17,,,,,,48940,,,,,,,,,,,GK,,,,,,,,,,,
69,Y. Carrasco,23,https://cdn.sofifa.org/48/18/players/208418.png,Belgium,https://cdn.sofifa.org/flags/7.png,85,90,Atlético Madrid,https://cdn.sofifa.org/24/18/teams/240.png,€51.5M,€77K,1991,87,61,91,71,86,75,80,81,91,79,78,9,11,9,10,10,53,18,68,74,75,19,74,82,83,79,84,26,89,73,39,59,74,68,82,45,56,83,74,208418,82,56,45,74,56,83,83,79,84,60,RM LM,82,56,45,74,56,83,83,79,84,60,79
70,R. Varane,24,https://cdn.sofifa.org/48/18/players/201535.png,France,https://cdn.sofifa.org/flags/18.png,85,92,Real Madrid CF,https://cdn.sofifa.org/24/18/teams/243.png,€46.5M,€175K,1875,77,77,58,47,77,82,36,46,57,40,54,11,11,9,5,14,83,82,80,76,53,84,43,44,81,75,52,85,81,68,86,85,56,42,64,83,79,62,69,201535,64,77,83,69,79,62,63,62,61,73,CB,64,77,83,69,79,62,63,62,61,73,62
71,Casemiro,25,https://cdn.sofifa.org/48/18/players/200145.png,Brazil,https://cdn.sofifa.org/flags/54.png,85,89,Real Madrid CF,https://cdn.sofifa.org/24/18/teams/243.png,€42M,€195K,2138,63,87,66,57,78,86,52,59,69,59,74,13,14,16,12,12,74,86,87,84,77,83,66,66,83,82,86,86,61,85,87,85,76,53,74,83,84,72,79,200145,74,78,83,79,84,72,71,72,69,77,CDM,74,78,83,79,84,72,71,72,69,77,72
72,L. Insigne,26,https://cdn.sofifa.org/48/18/players/198219.png,Italy,https://cdn.sofifa.org/flags/27.png,85,86,Napoli,https://cdn.sofifa.org/24/18/teams/48.png,€45M,€115K,1949,94,34,96,93,90,78,83,83,88,73,77,8,4,14,9,10,56,26,53,73,80,16,61,83,80,83,70,22,86,75,24,44,87,74,85,39,54,83,77,198219,85,55,39,77,54,83,84,76,85,60,LW,85,55,39,77,54,83,84,76,85,60,76
73,A. Lacazette,26,https://cdn.sofifa.org/48/18/players/193301.png,France,https://cdn.sofifa.org/flags/18.png,85,88,Arsenal,https://cdn.sofifa.org/24/18/teams/1.png,€48.5M,€180K,2063,84,70,87,84,84,86,64,74,85,87,71,11,6,9,5,6,72,40,76,59,76,23,84,87,85,79,81,30,87,80,42,79,74,82,81,54,60,83,74,193301,81,59,54,74,60,83,80,83,82,62,ST,81,59,54,74,60,83,80,83,82,62,83
74,K. Navas,30,https://cdn.sofifa.org/48/18/players/193041.png,Costa Rica,https://cdn.sofifa.org/flags/72.png,85,85,Real Madrid CF,https://cdn.sofifa.org/24/18/teams/243.png,€24.5M,€165K,1301,54,32,60,61,19,49,11,11,16,15,15,87,82,72,80,85,11,20,74,37,13,12,25,16,82,30,21,14,53,39,14,75,54,11,,,,,,193041,,,,,,,,,,,GK,,,,,,,,,,,
75,H. Mkhitaryan,28,https://cdn.sofifa.org/48/18/players/192883.png,Armenia,https://cdn.sofifa.org/flags/3.png,85,85,Manchester United,https://cdn.sofifa.org/24/18/teams/11.png,€39M,€195K,2148,88,69,89,85,87,79,79,83,87,77,64,5,11,14,5,7,53,64,71,72,75,49,72,82,82,84,87,55,84,86,53,63,85,81,84,62,70,83,80,192883,84,70,62,80,70,83,83,79,84,73,LM RW RM,84,70,62,80,70,83,83,79,84,73,79
76,D. Subašić,32,https://cdn.sofifa.org/48/18/players/192593.png,Croatia,https://cdn.sofifa.org/flags/10.png,85,85,AS Monaco,https://cdn.sofifa.org/24/18/teams/69.png,€22M,€46K,1305,51,31,42,37,19,65,11,24,11,10,66,84,79,79,85,87,13,20,75,26,14,15,23,15,82,24,24,13,54,32,14,80,52,13,,,,,,192593,,,,,,,,,,,GK,,,,,,,,,,,
77,B. Leno,25,https://cdn.sofifa.org/48/18/players/192563.png,Germany,https://cdn.sofifa.org/flags/21.png,85,88,Bayer 04 Leverkusen,https://cdn.sofifa.org/24/18/teams/32.png,€34M,€61K,1247,46,28,52,44,22,62,9,9,16,9,8,85,84,74,85,83,13,22,73,33,14,8,23,7,81,37,23,18,52,43,15,68,53,10,,,,,,192563,,,,,,,,,,,GK,,,,,,,,,,,
78,M. ter Stegen,25,https://cdn.sofifa.org/48/18/players/192448.png,Germany,https://cdn.sofifa.org/flags/21.png,85,89,FC Barcelona,https://cdn.sofifa.org/24/18/teams/241.png,€35.5M,€155K,1274,38,43,37,43,18,62,15,18,17,14,12,84,83,87,81,86,11,22,79,38,10,10,25,11,82,30,22,10,50,35,13,79,57,14,,,,,,192448,,,,,,,,,,,GK,,,,,,,,,,,
79,K. Glik,29,https://cdn.sofifa.org/48/18/players/190547.png,Poland,https://cdn.sofifa.org/flags/37.png,85,85,AS Monaco,https://cdn.sofifa.org/24/18/teams/69.png,€30M,€60K,1612,53,86,34,55,59,79,29,35,51,27,26,10,14,5,8,10,85,87,82,59,20,85,39,24,79,63,57,83,58,72,87,90,23,17,47,83,74,48,55,190547,47,72,83,55,74,48,50,52,45,68,CB,47,72,83,55,74,48,50,52,45,68,52
80,Jordi Alba,28,https://cdn.sofifa.org/48/18/players/189332.png,Spain,https://cdn.sofifa.org/flags/45.png,85,85,FC Barcelona,https://cdn.sofifa.org/24/18/teams/241.png,€30.5M,€215K,2206,93,75,90,86,83,75,82,77,80,73,64,13,15,13,6,13,63,83,81,70,66,81,59,77,82,79,64,83,93,90,84,60,68,60,78,78,80,78,78,189332,78,83,78,78,80,78,81,75,80,84,LB,78,83,78,78,80,78,81,75,80,84,75
81,I. Gündoğan,26,https://cdn.sofifa.org/48/18/players/186942.png,Germany,https://cdn.sofifa.org/flags/21.png,85,87,Manchester City,https://cdn.sofifa.org/24/18/teams/10.png,€46M,€190K,2148,73,68,83,81,88,86,74,81,87,72,74,11,14,5,5,13,49,79,62,83,74,57,76,79,87,88,77,64,70,71,67,74,87,75,84,69,77,81,83,186942,84,73,69,83,77,81,81,76,81,75,CDM CM,84,73,69,83,77,81,81,76,81,75,76
82,Azpilicueta,27,https://cdn.sofifa.org/48/18/players/184432.png,Spain,https://cdn.sofifa.org/flags/45.png,85,87,Chelsea,https://cdn.sofifa.org/24/18/teams/5.png,€37.5M,€160K,2099,78,80,75,73,79,78,78,66,69,46,58,13,9,10,6,5,76,85,76,74,60,87,66,62,86,80,68,87,79,88,88,73,68,51,72,83,82,70,76,184432,72,84,83,76,82,70,74,68,71,83,LB RB CB,72,84,83,76,82,70,74,68,71,83,68
83,A. Di María,29,https://cdn.sofifa.org/48/18/players/183898.png,Argentina,https://cdn.sofifa.org/flags/52.png,85,85,Paris Saint-Germain,https://cdn.sofifa.org/24/18/teams/73.png,€37.5M,€145K,2115,86,73,92,79,85,82,85,78,86,74,72,10,7,11,12,11,53,38,72,79,77,37,73,82,80,83,83,56,86,78,59,60,81,77,83,58,66,82,78,183898,83,66,58,78,66,82,83,77,83,70,LW RW,83,66,58,78,66,82,83,77,83,70,77
84,M. Pjanić,27,https://cdn.sofifa.org/48/18/players/180206.png,Bosnia Herzegovina,https://cdn.sofifa.org/flags/8.png,85,86,Juventus,https://cdn.sofifa.org/24/18/teams/45.png,€43.5M,€160K,2172,74,68,79,79,89,84,80,86,86,61,91,7,7,13,7,8,60,74,61,85,82,62,79,70,84,89,78,66,74,78,70,65,88,72,83,70,78,80,83,180206,83,75,70,83,78,80,81,74,80,77,CDM CM,83,75,70,83,78,80,81,74,80,77,74
85,C. Marchisio,31,https://cdn.sofifa.org/48/18/players/173210.png,Italy,https://cdn.sofifa.org/flags/27.png,85,85,Juventus,https://cdn.sofifa.org/24/18/teams/45.png,€33M,€160K,2210,78,78,81,79,85,84,76,78,84,61,78,4,3,4,2,4,68,80,68,85,82,72,78,80,86,87,82,80,78,81,78,70,84,76,82,77,81,80,83,173210,82,79,77,83,81,80,81,76,80,80,CDM CM,82,79,77,83,81,80,81,76,80,80,76
86,J. Vertonghen,30,https://cdn.sofifa.org/48/18/players/172871.png,Belgium,https://cdn.sofifa.org/flags/7.png,85,85,Tottenham Hotspur,https://cdn.sofifa.org/24/18/teams/18.png,€28.5M,€130K,2079,68,83,62,55,74,81,68,58,69,56,73,6,10,9,12,7,81,86,83,74,68,84,68,60,82,79,86,86,66,79,86,81,68,52,70,83,81,70,74,172871,70,80,83,74,81,70,70,70,69,78,CB,70,80,83,74,81,70,70,70,69,78,70
87,B. Matuidi,30,https://cdn.sofifa.org/48/18/players/170890.png,France,https://cdn.sofifa.org/flags/18.png,85,85,Juventus,https://cdn.sofifa.org/24/18/teams/45.png,€28.5M,€145K,2172,79,85,76,79,77,82,75,65,73,65,52,8,11,5,10,14,73,85,84,79,66,83,56,68,84,84,74,81,78,94,84,78,75,72,76,82,83,75,79,170890,76,82,82,79,83,75,77,73,75,82,CM CDM,76,82,82,79,83,75,77,73,75,82,73
88,S. Ruffier,30,https://cdn.sofifa.org/48/18/players/167628.png,France,https://cdn.sofifa.org/flags/18.png,85,85,AS Saint-Étienne,https://cdn.sofifa.org/24/18/teams/1819.png,€24.5M,€49K,1257,45,31,51,55,15,57,11,17,12,11,12,82,84,77,85,87,12,25,72,34,11,11,25,12,78,33,21,11,50,37,12,76,49,13,,,,,,167628,,,,,,,,,,,GK,,,,,,,,,,,
89,Filipe Luís,31,https://cdn.sofifa.org/48/18/players/164169.png,Brazil,https://cdn.sofifa.org/flags/54.png,85,85,Atlético Madrid,https://cdn.sofifa.org/24/18/teams/240.png,€25M,€81K,2134,75,81,74,60,81,88,84,74,77,59,75,11,15,9,9,5,68,82,63,77,60,85,65,71,83,78,71,86,82,91,83,74,70,56,75,80,81,74,77,164169,75,83,80,77,81,74,78,72,75,83,LB,75,83,80,77,81,74,78,72,75,83,72
90,V. Kompany,31,https://cdn.sofifa.org/48/18/players/139720.png,Belgium,https://cdn.sofifa.org/flags/7.png,85,85,Manchester City,https://cdn.sofifa.org/24/18/teams/10.png,€26M,€170K,1913,61,87,60,42,68,81,61,61,63,45,52,10,9,5,8,6,84,80,71,66,55,84,63,41,84,72,75,84,64,74,85,88,59,46,62,82,77,62,67,139720,62,76,82,67,77,62,63,63,61,74,CB,62,76,82,67,77,62,63,63,61,74,63
91,A. Barzagli,36,https://cdn.sofifa.org/48/18/players/137186.png,Italy,https://cdn.sofifa.org/flags/27.png,85,85,Juventus,https://cdn.sofifa.org/24/18/teams/45.png,€5M,€105K,1750,64,70,51,64,65,82,40,50,64,21,31,4,2,4,2,4,72,92,85,65,39,90,60,28,80,65,54,88,76,46,90,87,62,35,58,83,76,55,63,137186,58,75,83,63,76,55,57,53,55,71,CB,58,75,83,63,76,55,57,53,55,71,53
92,E. Bailly,23,https://cdn.sofifa.org/48/18/players/225508.png,Ivory Coast,https://cdn.sofifa.org/flags/108.png,84,89,Manchester United,https://cdn.sofifa.org/24/18/teams/11.png,€35.5M,€150K,1890,75,87,63,63,68,74,51,46,63,33,43,14,14,10,9,8,81,85,84,56,48,82,46,47,78,72,55,85,80,78,85,85,54,42,61,83,76,61,65,225508,61,77,83,65,76,61,63,60,61,75,CB,61,77,83,65,76,61,63,60,61,75,60
93,Marco Asensio,21,https://cdn.sofifa.org/48/18/players/220834.png,Spain,https://cdn.sofifa.org/flags/45.png,84,92,Real Madrid CF,https://cdn.sofifa.org/24/18/teams/243.png,€46M,€175K,1998,79,45,78,76,86,82,79,83,83,82,76,13,9,6,12,10,50,45,57,81,87,29,62,72,78,86,84,39,77,73,42,61,83,75,82,50,62,81,78,220834,82,60,50,78,62,81,81,77,81,65,LW LM RM CAM,82,60,50,78,62,81,81,77,81,65,77
94,Bernardo Silva,22,https://cdn.sofifa.org/48/18/players/218667.png,Portugal,https://cdn.sofifa.org/flags/38.png,84,91,Manchester City,https://cdn.sofifa.org/24/18/teams/10.png,€43.5M,€165K,2012,85,58,88,86,89,84,79,79,91,76,63,9,10,14,12,9,51,49,53,78,64,46,64,77,84,84,72,35,78,80,44,54,85,66,83,53,66,82,79,218667,83,63,53,79,66,82,83,75,83,68,RM,83,63,53,79,66,82,83,75,83,68,75
95,A. Laporte,23,https://cdn.sofifa.org/48/18/players/212218.png,France,https://cdn.sofifa.org/flags/18.png,84,89,Athletic Club de Bilbao,https://cdn.sofifa.org/24/18/teams/448.png,€35.5M,€36K,1919,68,72,49,55,71,74,58,62,55,45,77,10,11,5,14,5,85,85,77,78,47,86,35,54,82,73,70,85,70,71,88,84,52,40,62,83,79,62,69,212218,62,78,83,69,79,62,64,64,61,75,CB,62,78,83,69,79,62,64,64,61,75,64
96,D. Alli,21,https://cdn.sofifa.org/48/18/players/211117.png,England,https://cdn.sofifa.org/flags/14.png,84,90,Tottenham Hotspur,https://cdn.sofifa.org/24/18/teams/18.png,€43M,€115K,2122,77,84,74,62,85,86,68,71,83,84,53,7,6,9,11,8,75,67,69,76,79,60,68,86,85,83,77,57,76,89,63,71,83,76,83,69,75,83,81,211117,83,72,69,81,75,83,81,81,81,73,LM CF CAM,83,72,69,81,75,83,81,81,81,73,81
97,S. Mané,25,https://cdn.sofifa.org/48/18/players/208722.png,Senegal,https://cdn.sofifa.org/flags/136.png,84,87,Liverpool,https://cdn.sofifa.org/24/18/teams/9.png,€39M,€175K,2046,94,73,89,85,84,78,72,74,86,83,64,10,10,15,7,14,53,31,75,71,69,33,71,84,80,77,77,38,92,82,35,72,78,68,81,51,60,82,74,208722,81,60,51,74,60,82,82,79,83,63,LW RW,81,60,51,74,60,82,82,79,83,63,79
98,Carvajal,25,https://cdn.sofifa.org/48/18/players/204963.png,Spain,https://cdn.sofifa.org/flags/45.png,84,87,Real Madrid CF,https://cdn.sofifa.org/24/18/teams/243.png,€32M,€195K,2039,76,81,82,79,83,74,83,72,76,41,47,13,13,15,9,15,65,82,76,71,36,85,45,61,81,81,64,86,86,84,85,75,57,34,70,81,80,69,73,204963,70,83,81,73,80,69,75,65,72,83,RB,70,83,81,73,80,69,75,65,72,83,65